{
    "digits": {
        "XGBoost": {
            "n_estimators": 181,
            "learning_rate": 0.20633710784327047,
            "max_depth": 7,
            "reg_lambda": 9.196794721230338,
            "subsample": 0.9371836082027611,
            "colsample_bytree": 0.8331926951071351
        },
        "HRBoost": {
            "n_estimators": 292,
            "learning_rate": 0.08311746984461364,
            "max_depth": 6,
            "max_leaves": 15,
            "reg_lambda": 6.145704218499504,
            "subsample": 0.6927674555518002,
            "colsample_bytree": 0.6044822767945234,
            "n_bins": 156,
            "min_child_weight": 0.060506821668940114,
            "gamma": 0.039082076624756455
        },
        "ENV": {
            "COHESION_REG": 0.4934911692022938
        },
        "LightGBM": {
            "n_estimators": 253,
            "learning_rate": 0.15578565051536533,
            "max_depth": 4,
            "num_leaves": 21,
            "reg_lambda": 0.1437279954257257,
            "subsample": 0.971461877855226,
            "colsample_bytree": 0.6185167870614328
        },
        "CatBoost": {
            "iterations": 58,
            "learning_rate": 0.17696049298040228,
            "depth": 5,
            "l2_leaf_reg": 0.2930461042410538,
            "subsample": 0.7281388101894672,
            "bootstrap_type": "Bernoulli"
        }
    },
    "breast_cancer": {
        "HRBoost": {
            "n_estimators": 152,
            "learning_rate": 0.1624014880103974,
            "max_depth": 3,
            "max_leaves": 81,
            "reg_lambda": 1.4580591469653277,
            "subsample": 0.7024893417191617,
            "colsample_bytree": 0.8748173270739491,
            "n_bins": 15,
            "min_child_weight": 0.07241377569939789,
            "gamma": 0.07685445774878687
        },
        "ENV": {
            "COHESION_REG": 1.3216663785375884
        },
        "LightGBM": {
            "n_estimators": 279,
            "learning_rate": 0.15762692187915844,
            "max_depth": 4,
            "num_leaves": 46,
            "reg_lambda": 0.3746642188874057,
            "subsample": 0.745870687345758,
            "colsample_bytree": 0.8297010914327442
        },
        "XGBoost": {
            "n_estimators": 218,
            "learning_rate": 0.11304892659675607,
            "max_depth": 7,
            "reg_lambda": 4.408172758600237,
            "subsample": 0.7690891629069206,
            "colsample_bytree": 0.6401568936742489
        },
        "CatBoost": {
            "iterations": 247,
            "learning_rate": 0.053515825279001644,
            "depth": 4,
            "l2_leaf_reg": 0.7842529877758196,
            "subsample": 0.6557728192787965,
            "bootstrap_type": "Bernoulli"
        }
    }
}